light,humidity,date,soilMoisture,battery,pressure,rain,sensorName,temperature,altitude
-1.01,60.88476563,2023-05-22 12:50:13+00:00,2657.0,-1.01,878.8903198,-1.01,sensorOne,25.04000092,1183.990967
-1.01,85.65136719,2023-05-24 03:41:07+00:00,1225.0,-1.01,896.9318237,-1.01,sensorTwo,20.40999985,1016.828979
-1.01,61.04003906,2023-05-22 14:58:30+00:00,2698.0,-1.01,879.1635742,-1.01,sensorTwo,24.97999954,1181.438843
-1.01,57.67382813,2023-05-22 04:02:32+00:00,2704.0,-1.01,879.5215454,-1.01,sensorTwo,25.54999924,1178.095581
-1.01,-1.01,2023-05-28 17:20:02+00:00,0.0,-1.01,-1.01,0.0,sensorFour,-1.01,-1.01
-1.01,61.53222656,2023-05-23 14:47:10+00:00,1154.0,-1.01,896.7826538,-1.01,sensorTwo,36.06000137,1018.199951
-1.01,-1.01,2023-05-22 15:11:17+00:00,0.0,-1.01,-1.01,0.0,sensorFour,-1.01,-1.01
-1.01,81.71484375,2023-06-06 22:02:59+00:00,4095.0,-1.01,894.7859497,-1.01,sensorTwo,21.37999916,1036.567993
0.081600003,-1.01,2023-05-22 11:36:46+00:00,2803.0,-1.01,-1.01,-1.01,sensorThree,-1.01,-1.01
0.0,-1.01,2023-05-23 20:22:39+00:00,1149.0,-1.01,-1.01,-1.01,sensorThree,-1.01,-1.01
-1.01,60.09863281,2023-05-24 20:35:15+00:00,1429.0,-1.01,892.8529053,-1.01,sensorTwo,30.61000061,1054.38208
-1.01,-1.01,2023-05-24 00:56:10+00:00,4081.0,-1.01,-1.01,89.0,sensorFour,-1.01,-1.01
-1.01,79.67773438,2023-06-06 04:23:59+00:00,28.0,-1.01,897.7332764,-1.01,sensorOne,19.76000023,1009.466736
0.0,-1.01,2023-05-24 14:16:27+00:00,1121.0,-1.01,-1.01,-1.01,sensorThree,-1.01,-1.01
-1.01,82.98535156,2023-06-07 03:01:03+00:00,4095.0,-1.01,897.388916,-1.01,sensorTwo,19.10000038,1012.629578
-1.01,82.54199219,2023-06-06 03:09:15+00:00,1165.0,-1.01,897.2154541,-1.01,sensorTwo,19.38999939,1014.223022
-1.01,90.91503906,2023-05-25 09:22:14+00:00,1090.0,-1.01,894.5223999,-1.01,sensorOne,18.85000038,1038.994995
86.33348846,-1.01,2023-06-06 21:35:05+00:00,1252.0,-1.01,-1.01,-1.01,sensorThree,-1.01,-1.01
-1.01,-1.01,2023-05-25 09:43:41+00:00,3295.0,-1.01,-1.01,0.0,sensorFour,-1.01,-1.01
-1.01,-1.01,2023-06-05 20:57:20+00:00,4095.0,-1.01,-1.01,0.0,sensorFour,-1.01,-1.01
-1.01,-1.01,2023-05-23 21:57:40+00:00,2689.0,-1.01,-1.01,0.0,sensorFour,-1.01,-1.01
-1.01,91.66894531,2023-05-26 07:14:45+00:00,1391.0,-1.01,895.4718628,-1.01,sensorOne,19.90999985,1030.254517
-1.01,78.67871094,2023-06-06 20:19:29+00:00,0.0,-1.01,894.8811646,-1.01,sensorOne,27.80999947,1035.69104
0.081600003,-1.01,2023-05-26 00:04:53+00:00,1136.0,-1.01,-1.01,-1.01,sensorThree,-1.01,-1.01
-1.01,87.47363281,2023-05-24 08:39:13+00:00,1239.0,-1.01,894.982605,-1.01,sensorTwo,19.59000015,1034.757568
0.163200006,-1.01,2023-05-22 07:38:09+00:00,2806.0,-1.01,-1.01,-1.01,sensorThree,-1.01,-1.01
-1.01,89.66992188,2023-05-24 10:30:35+00:00,1005.0,-1.01,895.4702148,-1.01,sensorOne,19.09000015,1030.269531
-1.01,-1.01,2023-05-25 18:40:45+00:00,4095.0,-1.01,-1.01,0.0,sensorFour,-1.01,-1.01
-1.01,-1.01,2023-05-22 12:12:19+00:00,0.0,-1.01,-1.01,0.0,sensorFour,-1.01,-1.01
-1.01,91.86425781,2023-05-26 06:15:07+00:00,1363.0,-1.01,895.8803101,-1.01,sensorOne,20.40999985,1026.496704
0.163200006,-1.01,2023-05-24 05:18:38+00:00,1139.0,-1.01,-1.01,-1.01,sensorThree,-1.01,-1.01
-1.01,88.69628906,2023-05-25 20:18:48+00:00,1362.0,-1.01,893.5800781,-1.01,sensorOne,25.20999908,1047.677368
351.2643738,-1.01,2023-06-04 16:52:31+00:00,1275.0,-1.01,-1.01,-1.01,sensorThree,-1.01,-1.01
-1.01,81.87207031,2023-05-23 23:34:25+00:00,999.0,-1.01,895.623291,-1.01,sensorOne,21.12999916,1028.86084
-1.01,58.5234375,2023-05-22 05:52:36+00:00,2650.0,-1.01,879.3029785,-1.01,sensorOne,25.88999939,1180.136475
0.163200006,-1.01,2023-05-25 01:12:08+00:00,1111.0,-1.01,-1.01,-1.01,sensorThree,-1.01,-1.01
-1.01,72.05664063,2023-05-24 23:33:40+00:00,1465.0,-1.01,893.6864014,-1.01,sensorTwo,23.18000031,1046.697021
-1.01,-1.01,2023-05-22 02:16:20+00:00,0.0,-1.01,-1.01,0.0,sensorFour,-1.01,-1.01
-1.01,-1.01,2023-06-06 20:48:31+00:00,4095.0,-1.01,-1.01,0.0,sensorFour,-1.01,-1.01
-1.01,-1.01,2023-05-25 05:45:14+00:00,3658.0,-1.01,-1.01,0.0,sensorFour,-1.01,-1.01
-1.01,48.58300781,2023-05-24 15:38:20+00:00,4095.0,-1.01,895.7201538,-1.01,sensorTwo,47.33000183,1027.970093
-1.01,69.57519531,2023-05-23 00:51:32+00:00,756.0,-1.01,896.7619019,-1.01,sensorTwo,21.12000084,1018.390869
433.234375,-1.01,2023-06-05 20:44:23+00:00,1254.0,-1.01,-1.01,-1.01,sensorThree,-1.01,-1.01
-1.01,87.32421875,2023-05-24 07:39:37+00:00,1243.0,-1.01,895.3914795,-1.01,sensorTwo,19.86000061,1030.994263
-1.01,-1.01,2023-05-26 02:37:51+00:00,3129.0,-1.01,-1.01,0.0,sensorFour,-1.01,-1.01
1.989485741,-1.01,2023-05-22 01:41:00+00:00,2805.0,-1.01,-1.01,-1.01,sensorThree,-1.01,-1.01
0.163200006,-1.01,2023-05-23 03:28:02+00:00,1114.0,-1.01,-1.01,-1.01,sensorThree,-1.01,-1.01
0.081600003,-1.01,2023-05-22 21:32:26+00:00,2892.0,-1.01,-1.01,-1.01,sensorThree,-1.01,-1.01
-1.01,-1.01,2023-05-24 22:47:58+00:00,4095.0,-1.01,-1.01,0.0,sensorFour,-1.01,-1.01
13.73946381,-1.01,2023-06-04 15:53:44+00:00,1305.0,-1.01,-1.01,-1.01,sensorThree,-1.01,-1.01
-1.01,85.21484375,2023-05-23 10:47:39+00:00,1168.0,-1.01,894.8895264,-1.01,sensorTwo,17.52000046,1035.61438
-1.01,-1.01,2023-05-26 09:35:06+00:00,2778.0,-1.01,-1.01,0.0,sensorFour,-1.01,-1.01
-1.01,89.93261719,2023-05-25 23:17:37+00:00,1356.0,-1.01,894.708252,-1.01,sensorOne,23.10000038,1037.283081
-1.01,87.953125,2023-05-25 18:19:43+00:00,1212.0,-1.01,894.7714233,-1.01,sensorOne,26.75,1036.702026
-1.01,79.74023438,2023-06-06 05:23:40+00:00,22.0,-1.01,897.7818604,-1.01,sensorOne,19.19000053,1009.020325
-1.01,88.26855469,2023-05-24 14:29:22+00:00,1011.0,-1.01,896.3482056,-1.01,sensorOne,21.70000076,1022.19342
-1.01,59.50878906,2023-05-22 07:51:56+00:00,2655.0,-1.01,878.1716309,-1.01,sensorOne,25.64999962,1190.707275
-1.01,57.22753906,2023-06-04 16:21:51+00:00,4095.0,-1.01,892.9035645,-1.01,sensorTwo,41.27000046,1053.914673
-1.01,-1.01,2023-06-04 16:07:30+00:00,4095.0,-1.01,-1.01,0.0,sensorFour,-1.01,-1.01
-1.01,61.85253906,2023-05-22 17:57:08+00:00,2729.0,-1.01,878.4296265,-1.01,sensorTwo,25.37000084,1188.295654
0.0,-1.01,2023-05-24 01:20:00+00:00,1104.0,-1.01,-1.01,-1.01,sensorThree,-1.01,-1.01
-1.01,84.87792969,2023-05-23 07:40:17+00:00,1008.0,-1.01,895.7583618,-1.01,sensorOne,18.52000046,1027.618408
-1.01,58.9921875,2023-05-22 06:52:16+00:00,2647.0,-1.01,878.7075806,-1.01,sensorOne,25.80999947,1185.698364
0.0,-1.01,2023-05-26 07:02:22+00:00,1117.0,-1.01,-1.01,-1.01,sensorThree,-1.01,-1.01
-1.01,91.7265625,2023-05-26 10:13:44+00:00,1459.0,-1.01,895.6217041,-1.01,sensorOne,19.11000061,1028.875854
-1.01,79.62695313,2023-06-06 22:18:22+00:00,15.0,-1.01,895.0167236,-1.01,sensorOne,22.12000084,1034.443359
0.0,-1.01,2023-05-23 17:23:56+00:00,1170.0,-1.01,-1.01,-1.01,sensorThree,-1.01,-1.01
-1.01,-1.01,2023-05-25 03:45:59+00:00,3811.0,-1.01,-1.01,0.0,sensorFour,-1.01,-1.01
0.081600003,-1.01,2023-05-26 09:01:39+00:00,1181.0,-1.01,-1.01,-1.01,sensorThree,-1.01,-1.01
-1.01,89.18945313,2023-05-24 06:31:59+00:00,1010.0,-1.01,896.3240356,-1.01,sensorOne,20.20000076,1022.416077
63.80452347,-1.01,2023-06-06 22:34:44+00:00,1259.0,-1.01,-1.01,-1.01,sensorThree,-1.01,-1.01
0.326400012,-1.01,2023-06-06 05:40:17+00:00,1279.0,-1.01,-1.01,-1.01,sensorThree,-1.01,-1.01
-1.01,82.64550781,2023-05-24 19:27:39+00:00,1984.0,-1.01,894.423584,-1.01,sensorOne,26.72999954,1039.905029
-1.01,91.18066406,2023-05-25 06:23:23+00:00,1232.0,-1.01,895.2859497,-1.01,sensorOne,20.14999962,1031.96521
-1.01,83.31933594,2023-05-23 03:41:44+00:00,1011.0,-1.01,898.0895386,-1.01,sensorOne,19.69000053,1006.195679
0.0,-1.01,2023-05-25 15:08:27+00:00,1177.0,-1.01,-1.01,-1.01,sensorThree,-1.01,-1.01
-1.01,78.50195313,2023-05-23 03:50:19+00:00,1087.0,-1.01,897.9468994,-1.01,sensorTwo,19.29999924,1007.50531
-1.01,48.359375,2023-06-06 18:06:23+00:00,4095.0,-1.01,895.8730469,-1.01,sensorTwo,52.5,1026.563477
-1.01,-1.01,2023-05-25 15:41:55+00:00,3747.0,-1.01,-1.01,0.0,sensorFour,-1.01,-1.01
-1.01,76.09667969,2023-05-25 01:32:48+00:00,1488.0,-1.01,894.8512573,-1.01,sensorTwo,21.20000076,1035.966919
-1.01,66.69628906,2023-05-23 19:36:12+00:00,1097.0,-1.01,895.5828247,-1.01,sensorOne,29.72999954,1029.233154
-1.01,-1.01,2023-06-06 01:54:02+00:00,4095.0,-1.01,-1.01,0.0,sensorFour,-1.01,-1.01
-1.01,-1.01,2023-05-24 09:52:46+00:00,3871.0,-1.01,-1.01,45.0,sensorFour,-1.01,-1.01
0.0,-1.01,2023-05-25 17:08:09+00:00,1130.0,-1.01,-1.01,-1.01,sensorThree,-1.01,-1.01
-1.01,57.66992188,2023-05-22 02:03:35+00:00,2703.0,-1.01,879.3198242,-1.01,sensorTwo,25.52000046,1179.979126
0.0,-1.01,2023-05-25 19:07:41+00:00,1150.0,-1.01,-1.01,-1.01,sensorThree,-1.01,-1.01
-1.01,58.43066406,2023-06-05 17:29:11+00:00,0.0,-1.01,896.9707642,-1.01,sensorOne,37.68000031,1016.471008
-1.01,68.14257813,2023-05-24 22:34:10+00:00,1472.0,-1.01,892.6116943,-1.01,sensorTwo,25.55999947,1056.607178
-1.01,-1.01,2023-06-06 00:54:28+00:00,4095.0,-1.01,-1.01,0.0,sensorFour,-1.01,-1.01
1229.922241,-1.01,2023-05-25 20:06:40+00:00,1169.0,-1.01,-1.01,-1.01,sensorThree,-1.01,-1.01
0.163200006,-1.01,2023-05-23 10:25:33+00:00,1050.0,-1.01,-1.01,-1.01,sensorThree,-1.01,-1.01
-1.01,85.43164063,2023-05-25 15:20:30+00:00,1376.0,-1.01,895.4712524,-1.01,sensorOne,27.37000084,1030.26001
-1.01,-1.01,2023-05-23 14:59:41+00:00,2714.0,-1.01,-1.01,0.0,sensorFour,-1.01,-1.01
-1.01,78.9609375,2023-05-25 04:31:40+00:00,1493.0,-1.01,895.3842163,-1.01,sensorTwo,20.29000092,1031.060913
-1.01,-1.01,2023-06-05 16:59:46+00:00,4095.0,-1.01,-1.01,0.0,sensorFour,-1.01,-1.01
870.3637085,-1.01,2023-05-24 13:16:22+00:00,1157.0,-1.01,-1.01,-1.01,sensorThree,-1.01,-1.01
24.39837837,-1.01,2023-05-25 14:08:18+00:00,1175.0,-1.01,-1.01,-1.01,sensorThree,-1.01,-1.01
-1.01,79.70214844,2023-05-25 05:31:16+00:00,1497.0,-1.01,895.3378296,-1.01,sensorTwo,20.12999916,1031.487793
0.0,-1.01,2023-05-23 14:25:13+00:00,1173.0,-1.01,-1.01,-1.01,sensorThree,-1.01,-1.01
-1.01,-1.01,2023-05-24 05:54:18+00:00,4095.0,-1.01,-1.01,15.0,sensorFour,-1.01,-1.01
-1.01,90.79980469,2023-05-25 11:21:32+00:00,1083.0,-1.01,894.6928101,-1.01,sensorOne,17.87999916,1037.425537
-1.01,80.60546875,2023-06-06 01:25:01+00:00,16.0,-1.01,896.7528687,-1.01,sensorOne,21.01000023,1018.473633
-1.01,60.2578125,2023-05-22 09:51:13+00:00,2644.0,-1.01,877.8062744,-1.01,sensorOne,25.35000038,1194.123047
-1.01,-1.01,2023-05-24 16:50:48+00:00,4095.0,-1.01,-1.01,0.0,sensorFour,-1.01,-1.01
0.0,-1.01,2023-05-23 19:22:03+00:00,1120.0,-1.01,-1.01,-1.01,sensorThree,-1.01,-1.01
-1.01,80.59277344,2023-06-07 01:17:14+00:00,16.0,-1.01,896.850647,-1.01,sensorOne,19.88999939,1017.574951
-1.01,-1.01,2023-05-23 08:01:50+00:00,2762.0,-1.01,-1.01,0.0,sensorFour,-1.01,-1.01
0.163200006,-1.01,2023-05-26 08:01:59+00:00,1158.0,-1.01,-1.01,-1.01,sensorThree,-1.01,-1.01
2.245942831,-1.01,2023-05-22 03:39:31+00:00,2815.0,-1.01,-1.01,-1.01,sensorThree,-1.01,-1.01
0.081600003,-1.01,2023-05-26 03:03:49+00:00,1152.0,-1.01,-1.01,-1.01,sensorThree,-1.01,-1.01
-1.01,87.10742188,2023-05-24 06:40:00+00:00,1233.0,-1.01,895.8856812,-1.01,sensorTwo,19.95000076,1026.447266
-1.01,74.83105469,2023-06-06 20:04:05+00:00,4095.0,-1.01,894.6679688,-1.01,sensorTwo,26.25,1037.654663
-1.01,-1.01,2023-05-23 10:01:08+00:00,2731.0,-1.01,-1.01,0.0,sensorFour,-1.01,-1.01
-1.01,-1.01,2023-05-23 12:00:24+00:00,2699.0,-1.01,-1.01,0.0,sensorFour,-1.01,-1.01
-1.01,62.84570313,2023-05-23 16:46:18+00:00,1266.0,-1.01,896.4934082,-1.01,sensorTwo,33.25,1020.858582
-1.01,-1.01,2023-06-06 16:50:38+00:00,4095.0,-1.01,-1.01,0.0,sensorFour,-1.01,-1.01
-1.01,-1.01,2023-05-24 03:55:05+00:00,4095.0,-1.01,-1.01,0.0,sensorFour,-1.01,-1.01
-1.01,91.69628906,2023-05-26 04:15:46+00:00,1307.0,-1.01,896.5928345,-1.01,sensorOne,20.79000092,1019.944702
-1.01,61.08886719,2023-05-22 14:49:35+00:00,2643.0,-1.01,879.1964111,-1.01,sensorOne,25.21999931,1181.131958
2090.217041,-1.01,2023-05-23 21:21:58+00:00,1127.0,-1.01,-1.01,-1.01,sensorThree,-1.01,-1.01
-1.01,81.75097656,2023-06-06 04:08:55+00:00,1171.0,-1.01,897.527832,-1.01,sensorTwo,19.77000046,1011.353149
0.326400012,-1.01,2023-05-22 20:32:45+00:00,2852.0,-1.01,-1.01,-1.01,sensorThree,-1.01,-1.01
-1.01,60.54980469,2023-05-23 21:43:56+00:00,1379.0,-1.01,893.9746704,-1.01,sensorTwo,33.09999847,1044.040527
-1.01,84.04882813,2023-05-24 16:28:30+00:00,1018.0,-1.01,896.1257935,-1.01,sensorOne,25.05999947,1024.23877
-1.01,-1.01,2023-05-23 19:58:34+00:00,2746.0,-1.01,-1.01,0.0,sensorFour,-1.01,-1.01
-1.01,82.375,2023-05-23 06:49:07+00:00,1157.0,-1.01,896.3577881,-1.01,sensorTwo,17.71999931,1022.105652
-1.01,-1.01,2023-05-22 09:13:25+00:00,0.0,-1.01,-1.01,0.0,sensorFour,-1.01,-1.01
-1.01,85.3046875,2023-05-23 11:47:18+00:00,1010.0,-1.01,895.560791,-1.01,sensorTwo,18.17000008,1029.435913
-1.01,91.40136719,2023-05-26 02:16:31+00:00,1136.0,-1.01,896.074707,-1.01,sensorOne,21.18000031,1024.708618
-1.01,69.37890625,2023-05-24 13:38:04+00:00,1200.0,-1.01,895.8019409,-1.01,sensorTwo,32.47999954,1027.217285
-1.01,79.48144531,2023-05-23 23:42:37+00:00,1119.0,-1.01,895.1328735,-1.01,sensorTwo,21.43000031,1033.37439
-1.01,-1.01,2023-05-23 17:59:07+00:00,2735.0,-1.01,-1.01,0.0,sensorFour,-1.01,-1.01
-1.01,91.50878906,2023-05-26 03:16:10+00:00,1200.0,-1.01,896.2561035,-1.01,sensorOne,20.89999962,1023.040283
-1.01,-1.01,2023-05-23 01:04:32+00:00,3177.0,-1.01,-1.01,95.0,sensorFour,-1.01,-1.01
-1.01,87.27539063,2023-05-24 09:38:49+00:00,1228.0,-1.01,894.9675293,-1.01,sensorTwo,19.01000023,1034.895996
-1.01,75.01757813,2023-05-25 00:33:12+00:00,1492.0,-1.01,894.0327148,-1.01,sensorTwo,21.90999985,1043.505737
-1.01,83.57421875,2023-06-07 01:01:49+00:00,4095.0,-1.01,896.3657227,-1.01,sensorTwo,19.72999954,1022.032349
-1.01,-1.01,2023-05-26 03:37:28+00:00,3022.0,-1.01,-1.01,0.0,sensorFour,-1.01,-1.01
-1.01,-1.01,2023-05-25 11:42:50+00:00,3186.0,-1.01,-1.01,0.0,sensorFour,-1.01,-1.01
-1.01,69.29980469,2023-05-23 22:43:14+00:00,1247.0,-1.01,894.6520996,-1.01,sensorTwo,25.04999924,1037.800293
-1.01,52.05273438,2023-06-05 20:29:00+00:00,0.0,-1.01,894.9386597,-1.01,sensorOne,48.54000092,1035.161743
-1.01,-1.01,2023-05-24 06:53:54+00:00,4095.0,-1.01,-1.01,38.0,sensorFour,-1.01,-1.01
-1.01,80.34082031,2023-06-07 02:16:58+00:00,33.0,-1.01,897.2077637,-1.01,sensorOne,19.61000061,1014.293518
-1.01,58.62011719,2023-05-22 07:01:30+00:00,2697.0,-1.01,878.7427368,-1.01,sensorTwo,25.51000023,1185.369995
-1.01,-1.01,2023-05-25 13:42:12+00:00,3681.0,-1.01,-1.01,0.0,sensorFour,-1.01,-1.01
-1.01,67.28027344,2023-05-23 21:35:19+00:00,1081.0,-1.01,894.461731,-1.01,sensorOne,26.61000061,1039.553467
-1.01,-1.01,2023-05-25 10:43:15+00:00,3179.0,-1.01,-1.01,0.0,sensorFour,-1.01,-1.01
-1.01,-1.01,2023-05-24 21:48:28+00:00,4095.0,-1.01,-1.01,0.0,sensorFour,-1.01,-1.01
-1.01,-1.01,2023-06-06 23:47:21+00:00,4095.0,-1.01,-1.01,0.0,sensorFour,-1.01,-1.01
-1.01,82.37207031,2023-06-06 01:10:03+00:00,1177.0,-1.01,896.4902954,-1.01,sensorTwo,20.77000046,1020.887451
415.5330505,-1.01,2023-06-06 16:37:07+00:00,1253.0,-1.01,-1.01,-1.01,sensorThree,-1.01,-1.01
-1.01,-1.01,2023-05-22 11:12:40+00:00,0.0,-1.01,-1.01,0.0,sensorFour,-1.01,-1.01
-1.01,91.53320313,2023-05-26 08:14:23+00:00,1419.0,-1.01,895.0119629,-1.01,sensorOne,19.29999924,1034.487305
0.0,-1.01,2023-05-24 17:15:54+00:00,1152.0,-1.01,-1.01,-1.01,sensorThree,-1.01,-1.01
-1.01,64.890625,2023-06-05 19:13:59+00:00,4095.0,-1.01,895.4706421,-1.01,sensorTwo,37.54000092,1030.265625
-1.01,87.7421875,2023-05-24 21:26:45+00:00,1275.0,-1.01,893.3522949,-1.01,sensorOne,24.93000031,1049.776855
-1.01,-1.01,2023-05-23 02:04:05+00:00,3127.0,-1.01,-1.01,35.0,sensorFour,-1.01,-1.01
-1.01,54.44628906,2023-05-24 14:38:24+00:00,4095.0,-1.01,895.8237305,-1.01,sensorTwo,43.54999924,1027.017334
-1.01,80.19824219,2023-06-06 23:18:01+00:00,16.0,-1.01,895.4411011,-1.01,sensorOne,21.22999954,1030.537354
-1.01,61.86328125,2023-05-22 18:56:48+00:00,2729.0,-1.01,877.5038452,-1.01,sensorTwo,25.53000069,1196.951782
0.0,-1.01,2023-05-23 16:25:26+00:00,1182.0,-1.01,-1.01,-1.01,sensorThree,-1.01,-1.01
0.081600003,-1.01,2023-05-25 10:08:55+00:00,1105.0,-1.01,-1.01,-1.01,sensorThree,-1.01,-1.01
-1.01,-1.01,2023-05-22 06:14:35+00:00,0.0,-1.01,-1.01,0.0,sensorFour,-1.01,-1.01
-1.01,72.9609375,2023-06-05 22:11:57+00:00,1144.0,-1.01,895.0100708,-1.01,sensorTwo,27.23999977,1034.504517
-1.01,86.92089844,2023-05-24 10:38:23+00:00,1216.0,-1.01,895.0956421,-1.01,sensorTwo,18.27000046,1033.716797
2.14385438,-1.01,2023-05-22 02:40:13+00:00,2881.0,-1.01,-1.01,-1.01,sensorThree,-1.01,-1.01
-1.01,60.74511719,2023-05-22 11:50:33+00:00,2656.0,-1.01,878.3660889,-1.01,sensorOne,25.06999969,1188.889526
-1.01,-1.01,2023-05-23 05:02:57+00:00,2875.0,-1.01,-1.01,0.0,sensorFour,-1.01,-1.01
-1.01,89.125,2023-05-25 22:18:05+00:00,1379.0,-1.01,893.800415,-1.01,sensorOne,24.79999924,1045.646118
-1.01,72.32128906,2023-06-06 19:20:20+00:00,0.0,-1.01,894.916626,-1.01,sensorOne,34.70000076,1035.364624
-1.01,62.83691406,2023-05-23 17:46:15+00:00,1283.0,-1.01,896.1950073,-1.01,sensorTwo,34.43999863,1023.602295
920.7400513,-1.01,2023-05-25 12:08:20+00:00,1106.0,-1.01,-1.01,-1.01,sensorThree,-1.01,-1.01
-1.01,-1.01,2023-05-22 23:05:25+00:00,3793.0,-1.01,-1.01,0.0,sensorFour,-1.01,-1.01
-1.01,86.66503906,2023-05-25 16:20:25+00:00,1312.0,-1.01,895.2105713,-1.01,sensorOne,27.79000092,1032.658936
-1.01,82.95214844,2023-05-25 10:29:11+00:00,1509.0,-1.01,893.9468994,-1.01,sensorTwo,17.22999954,1044.296509
0.081600003,-1.01,2023-05-23 04:27:43+00:00,1106.0,-1.01,-1.01,-1.01,sensorThree,-1.01,-1.01
0.081600003,-1.01,2023-06-06 02:41:21+00:00,1232.0,-1.01,-1.01,-1.01,sensorThree,-1.01,-1.01
-1.01,59.7109375,2023-05-22 10:00:21+00:00,2701.0,-1.01,877.6842041,-1.01,sensorTwo,25.10000038,1195.265137
-1.01,-1.01,2023-05-24 17:50:44+00:00,4095.0,-1.01,-1.01,0.0,sensorFour,-1.01,-1.01
0.081600003,-1.01,2023-05-24 10:16:54+00:00,1125.0,-1.01,-1.01,-1.01,sensorThree,-1.01,-1.01
0.0,-1.01,2023-05-24 15:17:00+00:00,1193.0,-1.01,-1.01,-1.01,sensorThree,-1.01,-1.01
-1.01,-1.01,2023-05-25 08:44:04+00:00,3379.0,-1.01,-1.01,0.0,sensorFour,-1.01,-1.01
-1.01,-1.01,2023-05-24 01:55:48+00:00,4048.0,-1.01,-1.01,93.0,sensorFour,-1.01,-1.01
-1.01,59.14648438,2023-05-23 20:44:29+00:00,1335.0,-1.01,894.3595581,-1.01,sensorTwo,37.06999969,1040.494629
1004.018494,-1.01,2023-05-24 12:16:18+00:00,1094.0,-1.01,-1.01,-1.01,sensorThree,-1.01,-1.01
-1.01,82.51171875,2023-05-25 09:29:40+00:00,1522.0,-1.01,893.8046875,-1.01,sensorTwo,17.94000053,1045.607178
0.163200006,-1.01,2023-05-24 04:18:56+00:00,1103.0,-1.01,-1.01,-1.01,sensorThree,-1.01,-1.01
-1.01,-1.01,2023-05-24 11:52:01+00:00,3731.0,-1.01,-1.01,42.0,sensorFour,-1.01,-1.01
-1.01,-1.01,2023-05-25 20:40:12+00:00,4035.0,-1.01,-1.01,0.0,sensorFour,-1.01,-1.01
1.521445274,-1.01,2023-06-05 23:42:28+00:00,1247.0,-1.01,-1.01,-1.01,sensorThree,-1.01,-1.01
-1.01,82.35351563,2023-06-06 21:18:42+00:00,29.0,-1.01,894.7542114,-1.01,sensorOne,21.81999969,1036.860474
2.611200094,-1.01,2023-05-22 14:35:49+00:00,2805.0,-1.01,-1.01,-1.01,sensorThree,-1.01,-1.01
108.3070755,-1.01,2023-06-05 22:42:56+00:00,1254.0,-1.01,-1.01,-1.01,sensorThree,-1.01,-1.01
-1.01,79.97460938,2023-06-06 03:24:17+00:00,25.0,-1.01,897.4587402,-1.01,sensorOne,19.84000015,1011.987732
0.0,-1.01,2023-05-23 15:25:34+00:00,1206.0,-1.01,-1.01,-1.01,sensorThree,-1.01,-1.01
-1.01,-1.01,2023-05-23 20:58:12+00:00,2734.0,-1.01,-1.01,0.0,sensorFour,-1.01,-1.01
0.163200006,-1.01,2023-05-23 08:26:15+00:00,1088.0,-1.01,-1.01,-1.01,sensorThree,-1.01,-1.01
-1.01,86.16699219,2023-05-24 20:27:04+00:00,2096.0,-1.01,893.7668457,-1.01,sensorOne,24.36000061,1045.955566
-1.01,90.47753906,2023-05-25 14:20:37+00:00,1232.0,-1.01,895.486084,-1.01,sensorOne,22.18000031,1030.123413
0.163200006,-1.01,2023-05-22 10:37:07+00:00,2801.0,-1.01,-1.01,-1.01,sensorThree,-1.01,-1.01
-1.01,69.57519531,2023-06-06 19:04:39+00:00,4095.0,-1.01,894.9398193,-1.01,sensorTwo,31.52000046,1035.151123
-1.01,70.50390625,2023-06-04 17:20:43+00:00,4095.0,-1.01,895.0424805,-1.01,sensorTwo,31.31999969,1034.206055
-1.01,82.54003906,2023-06-06 02:09:38+00:00,1168.0,-1.01,896.7199097,-1.01,sensorTwo,19.81999969,1018.776672
-1.01,62.03027344,2023-05-24 21:34:47+00:00,1447.0,-1.01,892.5939941,-1.01,sensorTwo,29.60000038,1056.770386
-1.01,-1.01,2023-05-23 03:03:41+00:00,3086.0,-1.01,-1.01,25.0,sensorFour,-1.01,-1.01
6.699545383,-1.01,2023-06-06 23:34:24+00:00,1237.0,-1.01,-1.01,-1.01,sensorThree,-1.01,-1.01
-1.01,82.88085938,2023-05-24 00:42:13+00:00,1165.0,-1.01,895.7628174,-1.01,sensorTwo,20.70999908,1027.577271
-1.01,85.81347656,2023-05-23 12:38:36+00:00,1006.0,-1.01,896.3474121,-1.01,sensorOne,18.84000015,1022.201172
-1.01,-1.01,2023-05-22 21:08:06+00:00,0.0,-1.01,-1.01,0.0,sensorFour,-1.01,-1.01
-1.01,76.37695313,2023-05-23 02:50:41+00:00,1023.0,-1.01,897.6791382,-1.01,sensorTwo,19.36000061,1009.963684
-1.01,-1.01,2023-05-24 02:55:27+00:00,4095.0,-1.01,-1.01,34.0,sensorFour,-1.01,-1.01
-1.01,-1.01,2023-05-24 04:54:42+00:00,4095.0,-1.01,-1.01,0.0,sensorFour,-1.01,-1.01
0.326400012,-1.01,2023-05-26 02:04:09+00:00,1164.0,-1.01,-1.01,-1.01,sensorThree,-1.01,-1.01
-1.01,-1.01,2023-05-22 14:11:39+00:00,0.0,-1.01,-1.01,0.0,sensorFour,-1.01,-1.01
-1.01,-1.01,2023-05-24 23:47:30+00:00,4095.0,-1.01,-1.01,0.0,sensorFour,-1.01,-1.01
0.0,-1.01,2023-05-25 07:10:05+00:00,1102.0,-1.01,-1.01,-1.01,sensorThree,-1.01,-1.01
-1.01,51.02539063,2023-06-05 18:29:35+00:00,0.0,-1.01,896.3179932,-1.01,sensorOne,46.95000076,1022.471619
0.163200006,-1.01,2023-05-22 08:37:48+00:00,2802.0,-1.01,-1.01,-1.01,sensorThree,-1.01,-1.01
-1.01,75.56640625,2023-06-05 22:26:36+00:00,0.0,-1.01,895.3688965,-1.01,sensorOne,29.51000023,1031.202148
-1.01,60.80371094,2023-05-23 13:47:37+00:00,4095.0,-1.01,896.8415527,-1.01,sensorTwo,36.43999863,1017.658752
-1.01,-1.01,2023-06-05 17:58:38+00:00,4095.0,-1.01,-1.01,0.0,sensorFour,-1.01,-1.01
-1.01,83.02929688,2023-05-24 15:29:14+00:00,1029.0,-1.01,896.3164063,-1.01,sensorOne,25.77000046,1022.486084
514.9490967,-1.01,2023-06-06 18:36:31+00:00,1264.0,-1.01,-1.01,-1.01,sensorThree,-1.01,-1.01
0.081600003,-1.01,2023-05-22 13:36:06+00:00,2828.0,-1.01,-1.01,-1.01,sensorThree,-1.01,-1.01
-1.01,88.71679688,2023-05-24 04:32:39+00:00,1008.0,-1.01,897.5925293,-1.01,sensorOne,20.29000092,1010.759094
-1.01,83.40722656,2023-05-25 11:28:50+00:00,1525.0,-1.01,894.1248169,-1.01,sensorTwo,17.13999939,1042.657227
-1.01,81.49707031,2023-06-06 00:10:27+00:00,1178.0,-1.01,896.2385864,-1.01,sensorTwo,21.35000038,1023.201355
-1.01,-1.01,2023-05-21 22:18:27+00:00,4095.0,-1.01,-1.01,0.0,sensorFour,-1.01,-1.01
0.0,-1.01,2023-05-24 19:15:13+00:00,1186.0,-1.01,-1.01,-1.01,sensorThree,-1.01,-1.01
-1.01,75.95117188,2023-05-23 18:36:33+00:00,1061.0,-1.01,896.3143921,-1.01,sensorOne,24.73999977,1022.504395
-1.01,87.82421875,2023-05-24 02:33:21+00:00,1014.0,-1.01,897.0122681,-1.01,sensorOne,20.63999939,1016.089783
-1.01,81.31738281,2023-06-06 23:02:38+00:00,4095.0,-1.01,895.2370605,-1.01,sensorTwo,21.14999962,1032.415405
-1.01,61.89746094,2023-05-22 17:48:10+00:00,2650.0,-1.01,878.4501343,-1.01,sensorOne,25.80999947,1188.10437
-1.01,-1.01,2023-05-25 14:41:59+00:00,3792.0,-1.01,-1.01,0.0,sensorFour,-1.01,-1.01
-1.01,-1.01,2023-05-22 04:15:16+00:00,0.0,-1.01,-1.01,0.0,sensorFour,-1.01,-1.01
-1.01,78.83789063,2023-05-25 12:28:37+00:00,1565.0,-1.01,894.4338989,-1.01,sensorTwo,22.35000038,1039.809937
-1.01,-1.01,2023-05-23 13:00:05+00:00,2673.0,-1.01,-1.01,0.0,sensorFour,-1.01,-1.01
-1.01,84.12207031,2023-05-24 01:41:53+00:00,1178.0,-1.01,896.1642456,-1.01,sensorTwo,20.77000046,1023.88501
-1.01,89.6484375,2023-05-24 09:30:57+00:00,1007.0,-1.01,895.3329468,-1.01,sensorOne,19.62999916,1031.532837
-1.01,59.01269531,2023-05-22 08:01:07+00:00,2715.0,-1.01,878.0574951,-1.01,sensorTwo,25.37999916,1191.774414
-1.01,53.24414063,2023-06-06 17:21:52+00:00,0.0,-1.01,896.8498535,-1.01,sensorOne,48.84000015,1017.582153
-1.01,87.20507813,2023-05-24 01:33:43+00:00,1015.0,-1.01,896.4729004,-1.01,sensorOne,20.77000046,1021.047363
-1.01,83.83007813,2023-05-23 04:41:21+00:00,1008.0,-1.01,897.9128418,-1.01,sensorOne,19.40999985,1007.817505
-1.01,60.96582031,2023-05-22 13:49:54+00:00,2655.0,-1.01,879.3565674,-1.01,sensorOne,25.11000061,1179.63623
-1.01,-1.01,2023-05-24 14:51:10+00:00,3840.0,-1.01,-1.01,0.0,sensorFour,-1.01,-1.01
0.163200006,-1.01,2023-05-26 01:04:30+00:00,1118.0,-1.01,-1.01,-1.01,sensorThree,-1.01,-1.01
-1.01,79.97851563,2023-05-23 00:42:46+00:00,1007.0,-1.01,896.7709961,-1.01,sensorOne,20.78000069,1018.307068
-1.01,89.47070313,2023-05-24 23:25:56+00:00,1082.0,-1.01,894.1032715,-1.01,sensorOne,22.5,1042.855835
-1.01,51.9140625,2023-05-21 22:05:39+00:00,2258.0,-1.01,876.9050903,-1.01,sensorTwo,27.27000046,1202.554077
-1.01,64.85839844,2023-05-23 20:35:46+00:00,1083.0,-1.01,895.050415,-1.01,sensorOne,28.31999969,1034.133179
-1.01,91.03710938,2023-05-25 04:24:07+00:00,1207.0,-1.01,896.2138062,-1.01,sensorOne,20.42000008,1023.429565
731.7514038,-1.01,2023-06-05 16:45:53+00:00,1233.0,-1.01,-1.01,-1.01,sensorThree,-1.01,-1.01
0.163200006,-1.01,2023-05-23 01:28:46+00:00,1136.0,-1.01,-1.01,-1.01,sensorThree,-1.01,-1.01
-1.01,54.86035156,2023-05-22 20:55:12+00:00,2728.0,-1.01,927.3121948,-1.01,sensorTwo,25.59000015,741.395752
-1.01,-1.01,2023-05-24 07:53:32+00:00,3986.0,-1.01,-1.01,34.0,sensorFour,-1.01,-1.01
-1.01,84.6640625,2023-05-23 09:48:02+00:00,1125.0,-1.01,894.7011108,-1.01,sensorTwo,17.64999962,1037.349243
-1.01,79.63867188,2023-06-06 06:23:18+00:00,32.0,-1.01,897.2312622,-1.01,sensorOne,18.87999916,1014.077637
-1.01,-1.01,2023-05-23 06:02:34+00:00,2862.0,-1.01,-1.01,0.0,sensorFour,-1.01,-1.01
0.0,-1.01,2023-05-25 02:11:46+00:00,1140.0,-1.01,-1.01,-1.01,sensorThree,-1.01,-1.01
-1.01,59.99414063,2023-06-05 17:15:10+00:00,4095.0,-1.01,896.7909546,-1.01,sensorTwo,40.29999924,1018.123352
761.1831055,-1.01,2023-05-23 12:24:59+00:00,1125.0,-1.01,-1.01,-1.01,sensorThree,-1.01,-1.01
0.081600003,-1.01,2023-05-25 04:11:04+00:00,1209.0,-1.01,-1.01,-1.01,sensorThree,-1.01,-1.01
-1.01,-1.01,2023-06-06 19:49:03+00:00,4095.0,-1.01,-1.01,0.0,sensorFour,-1.01,-1.01
0.163200006,-1.01,2023-05-23 06:26:57+00:00,1091.0,-1.01,-1.01,-1.01,sensorThree,-1.01,-1.01
317.2075806,-1.01,2023-06-05 21:43:58+00:00,1265.0,-1.01,-1.01,-1.01,sensorThree,-1.01,-1.01
-1.01,-1.01,2023-05-23 07:02:11+00:00,2807.0,-1.01,-1.01,0.0,sensorFour,-1.01,-1.01
-1.01,-1.01,2023-06-06 21:48:04+00:00,4095.0,-1.01,-1.01,0.0,sensorFour,-1.01,-1.01
0.163200006,-1.01,2023-05-22 04:39:11+00:00,2810.0,-1.01,-1.01,-1.01,sensorThree,-1.01,-1.01
0.081600003,-1.01,2023-05-24 03:19:16+00:00,1114.0,-1.01,-1.01,-1.01,sensorThree,-1.01,-1.01
-1.01,91.11132813,2023-05-25 13:21:01+00:00,1330.0,-1.01,895.3481445,-1.01,sensorOne,20.04999924,1031.3927
-1.01,-1.01,2023-05-25 17:41:08+00:00,3997.0,-1.01,-1.01,0.0,sensorFour,-1.01,-1.01
-1.01,82.38867188,2023-06-07 00:02:11+00:00,4095.0,-1.01,895.5948486,-1.01,sensorTwo,20.21999931,1029.122559
0.367200017,-1.01,2023-05-22 15:35:32+00:00,2803.0,-1.01,-1.01,-1.01,sensorThree,-1.01,-1.01
-1.01,54.79785156,2023-05-22 21:45:58+00:00,2665.0,-1.01,890.189209,-1.01,sensorOne,26.14999962,1078.980713
-1.01,76.90039063,2023-05-22 23:43:11+00:00,1031.0,-1.01,896.217041,-1.01,sensorOne,21.28000069,1023.399597
-1.01,90.74511719,2023-05-26 00:17:15+00:00,1268.0,-1.01,894.8685913,-1.01,sensorOne,21.94000053,1035.807251
-1.01,88.3203125,2023-05-24 03:33:00+00:00,1007.0,-1.01,897.239624,-1.01,sensorOne,20.40999985,1014.000549
0.326400012,-1.01,2023-05-25 09:09:19+00:00,1129.0,-1.01,-1.01,-1.01,sensorThree,-1.01,-1.01
-1.01,-1.01,2023-05-22 03:15:59+00:00,0.0,-1.01,-1.01,0.0,sensorFour,-1.01,-1.01
-1.01,86.6953125,2023-05-25 19:19:21+00:00,1264.0,-1.01,893.862793,-1.01,sensorOne,28.12999916,1045.071167
1326.665039,-1.01,2023-05-23 22:21:40+00:00,1137.0,-1.01,-1.01,-1.01,sensorThree,-1.01,-1.01
-1.01,64.64453125,2023-05-22 22:44:09+00:00,1008.0,-1.01,895.3626709,-1.01,sensorOne,23.40999985,1031.259277
-1.01,88.96777344,2023-05-24 05:32:21+00:00,1018.0,-1.01,896.7803345,-1.01,sensorOne,20.26000023,1018.221069
-1.01,81.46777344,2023-06-06 06:08:09+00:00,1168.0,-1.01,897.355957,-1.01,sensorTwo,18.86000061,1012.931946
0.0,-1.01,2023-05-25 03:11:23+00:00,1104.0,-1.01,-1.01,-1.01,sensorThree,-1.01,-1.01
-1.01,83.18164063,2023-06-07 02:01:27+00:00,4095.0,-1.01,897.005127,-1.01,sensorTwo,19.64999962,1016.155273
-1.01,89.75488281,2023-05-24 12:29:54+00:00,1023.0,-1.01,896.1240845,-1.01,sensorOne,19.11000061,1024.254272
-1.01,48.18652344,2023-05-24 19:36:20+00:00,1415.0,-1.01,893.6425781,-1.01,sensorTwo,40.43999863,1047.101196
-1.01,55.3359375,2023-05-21 23:05:07+00:00,2215.0,-1.01,877.6737671,-1.01,sensorTwo,24.86000061,1195.362793
-1.01,74.3203125,2023-05-23 18:45:18+00:00,1283.0,-1.01,895.8278198,-1.01,sensorTwo,26.72999954,1026.979492
2091.58667,-1.01,2023-05-23 18:22:38+00:00,1136.0,-1.01,-1.01,-1.01,sensorThree,-1.01,-1.01
-1.01,-1.01,2023-06-07 02:46:10+00:00,4095.0,-1.01,-1.01,0.0,sensorFour,-1.01,-1.01
-1.01,-1.01,2023-05-24 10:52:24+00:00,3803.0,-1.01,-1.01,29.0,sensorFour,-1.01,-1.01
-1.01,-1.01,2023-05-25 00:47:08+00:00,4095.0,-1.01,-1.01,0.0,sensorFour,-1.01,-1.01
-1.01,60.50097656,2023-05-22 10:50:53+00:00,2641.0,-1.01,877.8693237,-1.01,sensorOne,25.20999908,1193.534058
0.163200006,-1.01,2023-05-23 02:28:26+00:00,1140.0,-1.01,-1.01,-1.01,sensorThree,-1.01,-1.01
-1.01,-1.01,2023-05-26 00:38:38+00:00,3375.0,-1.01,-1.01,0.0,sensorFour,-1.01,-1.01
17.05740738,-1.01,2023-05-25 18:07:46+00:00,1175.0,-1.01,-1.01,-1.01,sensorThree,-1.01,-1.01
0.0,-1.01,2023-06-05 17:45:10+00:00,1259.0,-1.01,-1.01,-1.01,sensorThree,-1.01,-1.01
-1.01,85.34765625,2023-05-23 09:39:36+00:00,1012.0,-1.01,894.9974976,-1.01,sensorOne,18.60000038,1034.620239
1025.385742,-1.01,2023-06-06 17:36:50+00:00,1258.0,-1.01,-1.01,-1.01,sensorThree,-1.01,-1.01
-1.01,-1.01,2023-05-26 07:35:49+00:00,2821.0,-1.01,-1.01,0.0,sensorFour,-1.01,-1.01
0.0,-1.01,2023-05-22 17:34:28+00:00,2817.0,-1.01,-1.01,-1.01,sensorThree,-1.01,-1.01
-1.01,58.20996094,2023-05-22 06:01:50+00:00,2707.0,-1.01,879.3509521,-1.01,sensorTwo,25.59000015,1179.688599
-1.01,80.38183594,2023-06-06 02:24:41+00:00,0.0,-1.01,896.8120117,-1.01,sensorOne,19.95999908,1017.930176
-1.01,59.93359375,2023-05-22 08:51:34+00:00,2644.0,-1.01,877.8616943,-1.01,sensorOne,25.52000046,1193.605225
-1.01,89.47363281,2023-05-24 11:30:13+00:00,1006.0,-1.01,895.3982544,-1.01,sensorOne,18.35000038,1030.932007
-1.01,64.14453125,2023-05-24 16:36:50+00:00,1328.0,-1.01,895.2209473,-1.01,sensorTwo,34.40000153,1032.563354
-1.01,50.62109375,2023-06-05 19:29:36+00:00,0.0,-1.01,894.5328369,-1.01,sensorOne,50.34999847,1038.898804
-1.01,-1.01,2023-05-22 13:11:58+00:00,0.0,-1.01,-1.01,0.0,sensorFour,-1.01,-1.01
-1.01,90.97753906,2023-05-25 07:23:01+00:00,1109.0,-1.01,895.0667114,-1.01,sensorOne,19.55999947,1033.983032
-1.01,90.65527344,2023-05-25 10:21:52+00:00,1083.0,-1.01,894.5675049,-1.01,sensorOne,18.07999992,1038.579468
-1.01,76.98144531,2023-05-25 02:32:25+00:00,1488.0,-1.01,895.1817017,-1.01,sensorTwo,20.80999947,1032.924561
-1.01,82.65234375,2023-05-24 12:37:54+00:00,1239.0,-1.01,895.930481,-1.01,sensorTwo,23.97999954,1026.035156
-1.01,-1.01,2023-06-06 18:50:01+00:00,4095.0,-1.01,-1.01,0.0,sensorFour,-1.01,-1.01
0.326400012,-1.01,2023-05-25 00:12:28+00:00,1139.0,-1.01,-1.01,-1.01,sensorThree,-1.01,-1.01
-1.01,57.80273438,2023-05-22 01:54:44+00:00,2647.0,-1.01,879.2078857,-1.01,sensorOne,25.87000084,1181.02478
-1.01,87.05371094,2023-05-24 11:38:01+00:00,1222.0,-1.01,895.1235962,-1.01,sensorTwo,18.21999931,1033.459351
132.1191101,-1.01,2023-05-24 11:16:33+00:00,1105.0,-1.01,-1.01,-1.01,sensorThree,-1.01,-1.01
0.163200006,-1.01,2023-05-25 05:10:46+00:00,1136.0,-1.01,-1.01,-1.01,sensorThree,-1.01,-1.01
-1.01,60.77929688,2023-05-22 13:58:52+00:00,2695.0,-1.01,879.4385376,-1.01,sensorTwo,24.90999985,1178.870972
-1.01,59.38183594,2023-05-22 09:00:43+00:00,2720.0,-1.01,877.7128296,-1.01,sensorTwo,25.25,1194.997314
-1.01,-1.01,2023-05-24 19:49:38+00:00,4095.0,-1.01,-1.01,0.0,sensorFour,-1.01,-1.01
-1.01,88.9921875,2023-05-25 21:18:26+00:00,1344.0,-1.01,893.5581055,-1.01,sensorOne,25.20999908,1047.879395
-1.01,59.39648438,2023-05-22 19:55:41+00:00,2715.0,-1.01,881.3258057,-1.01,sensorTwo,27.20000076,1161.264038
0.163200006,-1.01,2023-06-06 00:42:06+00:00,1247.0,-1.01,-1.01,-1.01,sensorThree,-1.01,-1.01
-1.01,-1.01,2023-05-28 16:20:48+00:00,4095.0,-1.01,-1.01,0.0,sensorFour,-1.01,-1.01
-1.01,84.24609375,2023-05-23 14:38:08+00:00,1023.0,-1.01,897.015564,-1.01,sensorOne,22.5,1016.059265
-1.01,83.13378906,2023-05-23 07:48:45+00:00,1105.0,-1.01,895.6411133,-1.01,sensorTwo,17.55999947,1028.696899
-1.01,81.03320313,2023-06-06 00:25:23+00:00,11.0,-1.01,896.5875244,-1.01,sensorOne,21.62000084,1019.993591
0.163200006,-1.01,2023-06-06 03:40:57+00:00,1229.0,-1.01,-1.01,-1.01,sensorThree,-1.01,-1.01
427.6384277,-1.01,2023-05-24 22:13:27+00:00,1145.0,-1.01,-1.01,-1.01,sensorThree,-1.01,-1.01
-1.01,59.99414063,2023-05-22 10:59:59+00:00,2691.0,-1.01,877.8700562,-1.01,sensorTwo,24.97999954,1193.526611
-1.01,61.73339844,2023-05-22 18:47:54+00:00,2658.0,-1.01,877.5650635,-1.01,sensorOne,26.10000038,1196.379028
-1.01,-1.01,2023-05-23 18:58:28+00:00,2677.0,-1.01,-1.01,0.0,sensorFour,-1.01,-1.01
-1.01,-1.01,2023-05-25 23:39:04+00:00,3593.0,-1.01,-1.01,0.0,sensorFour,-1.01,-1.01
-1.01,-1.01,2023-05-23 11:00:46+00:00,2693.0,-1.01,-1.01,0.0,sensorFour,-1.01,-1.01
-1.01,79.90917969,2023-05-23 12:47:13+00:00,1083.0,-1.01,896.3909302,-1.01,sensorTwo,23.51000023,1021.800842
-1.01,-1.01,2023-06-05 23:54:53+00:00,4095.0,-1.01,-1.01,0.0,sensorFour,-1.01,-1.01
-1.01,-1.01,2023-05-25 04:45:36+00:00,3809.0,-1.01,-1.01,0.0,sensorFour,-1.01,-1.01
-1.01,-1.01,2023-06-05 22:55:28+00:00,4095.0,-1.01,-1.01,0.0,sensorFour,-1.01,-1.01
-1.01,91.75878906,2023-05-26 05:15:26+00:00,1371.0,-1.01,896.0948486,-1.01,sensorOne,20.52000046,1024.523193
-1.01,-1.01,2023-05-25 12:42:35+00:00,3328.0,-1.01,-1.01,0.0,sensorFour,-1.01,-1.01
-1.01,54.35839844,2023-05-22 21:54:49+00:00,2715.0,-1.01,890.217041,-1.01,sensorTwo,26.13999939,1078.723267
-1.01,-1.01,2023-06-05 21:56:32+00:00,4095.0,-1.01,-1.01,0.0,sensorFour,-1.01,-1.01
-1.01,56.08398438,2023-06-06 18:21:26+00:00,0.0,-1.01,895.8082886,-1.01,sensorOne,46.36000061,1027.158936
-1.01,90.58007813,2023-05-25 01:25:10+00:00,1055.0,-1.01,895.382019,-1.01,sensorOne,21.12000084,1031.080933
37.78543472,-1.01,2023-06-06 20:35:36+00:00,1231.0,-1.01,-1.01,-1.01,sensorThree,-1.01,-1.01
-1.01,-1.01,2023-06-06 04:52:54+00:00,4095.0,-1.01,-1.01,0.0,sensorFour,-1.01,-1.01
-1.01,91.1328125,2023-05-25 05:23:45+00:00,1101.0,-1.01,896.0825195,-1.01,sensorOne,20.30999947,1024.636963
-1.01,86.28808594,2023-05-24 04:40:43+00:00,1217.0,-1.01,897.2149048,-1.01,sensorTwo,20.15999985,1014.228027
-1.01,-1.01,2023-05-25 02:46:23+00:00,3888.0,-1.01,-1.01,0.0,sensorFour,-1.01,-1.01
-1.01,57.87402344,2023-05-22 05:02:10+00:00,2694.0,-1.01,879.4099121,-1.01,sensorTwo,25.51000023,1179.138184
-1.01,-1.01,2023-05-24 12:51:43+00:00,3774.0,-1.01,-1.01,43.0,sensorFour,-1.01,-1.01
534.6026611,-1.01,2023-06-05 18:44:51+00:00,1241.0,-1.01,-1.01,-1.01,sensorThree,-1.01,-1.01
-1.01,-1.01,2023-05-28 18:19:25+00:00,0.0,-1.01,-1.01,0.0,sensorFour,-1.01,-1.01
0.163200006,-1.01,2023-05-23 09:25:54+00:00,1097.0,-1.01,-1.01,-1.01,sensorThree,-1.01,-1.01
0.163200006,-1.01,2023-05-23 05:27:20+00:00,1104.0,-1.01,-1.01,-1.01,sensorThree,-1.01,-1.01
402.1321716,-1.01,2023-06-04 17:51:34+00:00,1281.0,-1.01,-1.01,-1.01,sensorThree,-1.01,-1.01
-1.01,-1.01,2023-05-22 07:14:13+00:00,0.0,-1.01,-1.01,0.0,sensorFour,-1.01,-1.01
-1.01,80.93457031,2023-06-07 00:17:35+00:00,42.0,-1.01,895.7628174,-1.01,sensorOne,20.15999985,1027.577271
-1.01,-1.01,2023-05-24 13:51:26+00:00,3831.0,-1.01,-1.01,11.0,sensorFour,-1.01,-1.01
1545.789551,-1.01,2023-05-25 22:05:58+00:00,1154.0,-1.01,-1.01,-1.01,sensorThree,-1.01,-1.01
-1.01,68.96972656,2023-05-23 17:37:25+00:00,1071.0,-1.01,896.7406006,-1.01,sensorOne,30.28000069,1018.586304
-1.01,-1.01,2023-05-25 16:41:52+00:00,4095.0,-1.01,-1.01,0.0,sensorFour,-1.01,-1.01
-1.01,85.62109375,2023-05-23 10:39:15+00:00,1010.0,-1.01,895.0703125,-1.01,sensorOne,18.55999947,1033.950317
0.163200006,-1.01,2023-05-23 00:29:07+00:00,1153.0,-1.01,-1.01,-1.01,sensorThree,-1.01,-1.01
-1.01,61.23632813,2023-05-22 15:49:14+00:00,2643.0,-1.01,879.0186157,-1.01,sensorOne,25.35000038,1182.792603
-1.01,64.15039063,2023-05-24 17:36:29+00:00,1330.0,-1.01,894.8018188,-1.01,sensorTwo,34.27000046,1036.421753
-1.01,-1.01,2023-05-23 22:57:01+00:00,3965.0,-1.01,-1.01,100.0,sensorFour,-1.01,-1.01
-1.01,60.53125,2023-05-22 12:59:15+00:00,2731.0,-1.01,879.1073608,-1.01,sensorTwo,24.85000038,1181.963379
0.163200006,-1.01,2023-05-26 10:01:21+00:00,1154.0,-1.01,-1.01,-1.01,sensorThree,-1.01,-1.01
-1.01,82.60839844,2023-05-23 02:42:05+00:00,1012.0,-1.01,897.6791992,-1.01,sensorOne,19.88999939,1009.963135
-1.01,89.34277344,2023-05-24 07:31:38+00:00,1011.0,-1.01,895.8013916,-1.01,sensorOne,20.07999992,1027.22229
-1.01,-1.01,2023-05-25 19:40:58+00:00,4095.0,-1.01,-1.01,0.0,sensorFour,-1.01,-1.01
-1.01,-1.01,2023-05-26 08:35:27+00:00,2750.0,-1.01,-1.01,0.0,sensorFour,-1.01,-1.01
-1.01,-1.01,2023-05-28 15:21:02+00:00,4095.0,-1.01,-1.01,0.0,sensorFour,-1.01,-1.01
-1.01,-1.01,2023-05-22 18:09:55+00:00,0.0,-1.01,-1.01,0.0,sensorFour,-1.01,-1.01
-1.01,84.59472656,2023-05-23 06:40:38+00:00,1002.0,-1.01,896.628418,-1.01,sensorOne,18.51000023,1019.617737
-1.01,-1.01,2023-05-24 20:48:53+00:00,4095.0,-1.01,-1.01,0.0,sensorFour,-1.01,-1.01
-1.01,-1.01,2023-06-06 02:53:37+00:00,4095.0,-1.01,-1.01,0.0,sensorFour,-1.01,-1.01
-1.01,80.8828125,2023-06-05 23:25:53+00:00,9.0,-1.01,895.8501587,-1.01,sensorOne,23.39999962,1026.773926
-1.01,-1.01,2023-06-04 18:05:34+00:00,4095.0,-1.01,-1.01,0.0,sensorFour,-1.01,-1.01
0.163200006,-1.01,2023-05-23 07:26:39+00:00,1145.0,-1.01,-1.01,-1.01,sensorThree,-1.01,-1.01
-1.01,80.04882813,2023-05-23 04:49:56+00:00,1159.0,-1.01,897.7626343,-1.01,sensorTwo,18.70000076,1009.197205
-1.01,-1.01,2023-05-26 06:36:15+00:00,2838.0,-1.01,-1.01,0.0,sensorFour,-1.01,-1.01
-1.01,83.7890625,2023-05-23 08:48:23+00:00,1139.0,-1.01,895.0565796,-1.01,sensorTwo,17.55999947,1034.076416
-1.01,87.54980469,2023-05-25 17:20:04+00:00,1408.0,-1.01,895.3215332,-1.01,sensorOne,27.25,1031.637817
-1.01,56.24804688,2023-06-05 18:14:34+00:00,4095.0,-1.01,896.4389038,-1.01,sensorTwo,44.04000092,1021.359924
-1.01,82.421875,2023-05-24 18:28:00+00:00,1021.0,-1.01,895.2033081,-1.01,sensorOne,26.54999924,1032.725586
-1.01,-1.01,2023-05-26 04:37:02+00:00,2954.0,-1.01,-1.01,0.0,sensorFour,-1.01,-1.01
-1.01,81.46679688,2023-06-06 05:08:32+00:00,1169.0,-1.01,897.7079468,-1.01,sensorTwo,19.37999916,1009.699158
-1.01,80.95703125,2023-05-25 07:30:27+00:00,1501.0,-1.01,894.1696777,-1.01,sensorTwo,18.85000038,1042.243774
-1.01,-1.01,2023-05-23 15:59:21+00:00,2726.0,-1.01,-1.01,0.0,sensorFour,-1.01,-1.01
-1.01,-1.01,2023-05-23 16:59:09+00:00,2768.0,-1.01,-1.01,0.0,sensorFour,-1.01,-1.01
-1.01,90.12207031,2023-05-25 00:25:33+00:00,1043.0,-1.01,894.7269287,-1.01,sensorOne,21.52000046,1037.111328
0.0,-1.01,2023-06-06 01:41:43+00:00,1239.0,-1.01,-1.01,-1.01,sensorThree,-1.01,-1.01
-1.01,78.15722656,2023-05-24 17:28:23+00:00,1053.0,-1.01,895.7080688,-1.01,sensorOne,28.45999908,1028.081299
700.6760864,-1.01,2023-05-25 23:05:27+00:00,1135.0,-1.01,-1.01,-1.01,sensorThree,-1.01,-1.01
-1.01,-1.01,2023-06-05 18:58:21+00:00,4095.0,-1.01,-1.01,0.0,sensorFour,-1.01,-1.01
-1.01,-1.01,2023-05-24 10:52:23+00:00,3803.0,-1.01,-1.01,29.0,sensorFour,-1.01,-1.01
-1.01,70.64941406,2023-06-05 21:27:46+00:00,0.0,-1.01,894.5728149,-1.01,sensorOne,34.16999817,1038.530518
-1.01,-1.01,2023-06-07 00:46:57+00:00,4095.0,-1.01,-1.01,0.0,sensorFour,-1.01,-1.01
230.4121399,-1.01,2023-06-06 19:35:59+00:00,1259.0,-1.01,-1.01,-1.01,sensorThree,-1.01,-1.01
-1.01,69.38867188,2023-06-05 20:13:16+00:00,4095.0,-1.01,894.8248291,-1.01,sensorTwo,34.56999969,1036.209839
0.489600003,-1.01,2023-06-07 01:33:39+00:00,1262.0,-1.01,-1.01,-1.01,sensorThree,-1.01,-1.01
0.163200006,-1.01,2023-05-24 09:17:21+00:00,1136.0,-1.01,-1.01,-1.01,sensorThree,-1.01,-1.01
0.081600003,-1.01,2023-05-22 18:34:06+00:00,2887.0,-1.01,-1.01,-1.01,sensorThree,-1.01,-1.01
-1.01,-1.01,2023-05-26 01:38:15+00:00,3291.0,-1.01,-1.01,0.0,sensorFour,-1.01,-1.01
0.0,-1.01,2023-05-22 05:38:49+00:00,2816.0,-1.01,-1.01,-1.01,sensorThree,-1.01,-1.01
1306.333252,-1.01,2023-05-25 21:06:19+00:00,1152.0,-1.01,-1.01,-1.01,sensorThree,-1.01,-1.01
-1.01,79.96289063,2023-06-05 23:10:56+00:00,1164.0,-1.01,895.560791,-1.01,sensorTwo,22.79999924,1029.435913
-1.01,91.19921875,2023-05-26 01:16:53+00:00,1305.0,-1.01,895.4338989,-1.01,sensorOne,21.55999947,1030.603516
-1.01,85.78613281,2023-05-23 11:38:56+00:00,1008.0,-1.01,895.6333008,-1.01,sensorOne,18.51000023,1028.769165
-1.01,-1.01,2023-05-22 05:14:55+00:00,0.0,-1.01,-1.01,0.0,sensorFour,-1.01,-1.01
-1.01,-1.01,2023-05-23 09:01:29+00:00,2723.0,-1.01,-1.01,0.0,sensorFour,-1.01,-1.01
-1.01,85.55664063,2023-05-23 13:38:21+00:00,1011.0,-1.01,896.9890137,-1.01,sensorOne,20.05999947,1016.303406
-1.01,58.07324219,2023-05-22 03:53:18+00:00,2657.0,-1.01,879.3535767,-1.01,sensorOne,25.92000008,1179.664429
-1.01,57.58789063,2023-05-22 03:03:15+00:00,2735.0,-1.01,879.6273193,-1.01,sensorTwo,25.62999916,1177.108276
-1.01,47.52734375,2023-06-06 17:06:45+00:00,1235.0,-1.01,896.9556274,-1.01,sensorTwo,51.36000061,1016.610352
-1.01,53.75878906,2023-05-23 19:45:31+00:00,4095.0,-1.01,895.053772,-1.01,sensorTwo,42.81000137,1034.102051
-1.01,78.05664063,2023-05-25 03:32:03+00:00,1490.0,-1.01,895.5372925,-1.01,sensorTwo,20.45999908,1029.6521
-1.01,-1.01,2023-05-23 00:04:58+00:00,3491.0,-1.01,-1.01,0.0,sensorFour,-1.01,-1.01
-1.01,-1.01,2023-05-25 07:44:26+00:00,3648.0,-1.01,-1.01,0.0,sensorFour,-1.01,-1.01
6.110318184,-1.01,2023-05-22 19:33:28+00:00,2896.0,-1.01,-1.01,-1.01,sensorThree,-1.01,-1.01
39.95266724,-1.01,2023-05-25 11:08:36+00:00,1127.0,-1.01,-1.01,-1.01,sensorThree,-1.01,-1.01
-1.01,84.22851563,2023-05-23 05:41:00+00:00,1015.0,-1.01,897.4177856,-1.01,sensorOne,19.03000069,1012.364441
-1.01,-1.01,2023-05-24 15:50:56+00:00,4064.0,-1.01,-1.01,0.0,sensorFour,-1.01,-1.01
-1.01,-1.01,2023-05-22 20:08:31+00:00,0.0,-1.01,-1.01,0.0,sensorFour,-1.01,-1.01
-1.01,-1.01,2023-06-06 05:52:30+00:00,4095.0,-1.01,-1.01,0.0,sensorFour,-1.01,-1.01
0.0,-1.01,2023-05-24 00:20:20+00:00,1151.0,-1.01,-1.01,-1.01,sensorThree,-1.01,-1.01
1999.401489,-1.01,2023-05-24 21:13:55+00:00,1154.0,-1.01,-1.01,-1.01,sensorThree,-1.01,-1.01
-1.01,71.66113281,2023-05-23 22:35:05+00:00,1071.0,-1.01,895.1557617,-1.01,sensorOne,24.55999947,1033.163696
168.3673706,-1.01,2023-05-23 11:25:13+00:00,1104.0,-1.01,-1.01,-1.01,sensorThree,-1.01,-1.01
-1.01,-1.01,2023-05-23 13:59:51+00:00,2736.0,-1.01,-1.01,0.0,sensorFour,-1.01,-1.01
-1.01,90.83398438,2023-05-25 08:22:36+00:00,1119.0,-1.01,894.5029907,-1.01,sensorOne,19.02000046,1039.173584
-1.01,79.81542969,2023-06-06 21:03:23+00:00,4095.0,-1.01,894.9181519,-1.01,sensorTwo,21.37000084,1035.35083
-1.01,72.57714844,2023-05-23 01:51:06+00:00,887.0,-1.01,897.2645264,-1.01,sensorTwo,20.20999908,1013.771912
-1.01,-1.01,2023-05-25 06:44:49+00:00,3670.0,-1.01,-1.01,0.0,sensorFour,-1.01,-1.01
1472.881104,-1.01,2023-05-22 22:31:37+00:00,2943.0,-1.01,-1.01,-1.01,sensorThree,-1.01,-1.01
-1.01,65.5078125,2023-05-22 23:51:59+00:00,619.0,-1.01,896.1035767,-1.01,sensorTwo,22.32999992,1024.443115
0.163200006,-1.01,2023-05-24 06:18:19+00:00,1101.0,-1.01,-1.01,-1.01,sensorThree,-1.01,-1.01
-1.01,85.04980469,2023-05-23 08:39:56+00:00,998.0,-1.01,895.4216309,-1.01,sensorOne,18.5,1030.716309
-1.01,80.33789063,2023-05-25 06:30:51+00:00,1498.0,-1.01,894.6540527,-1.01,sensorTwo,19.71999931,1037.782471
0.081600003,-1.01,2023-05-25 06:10:24+00:00,1158.0,-1.01,-1.01,-1.01,sensorThree,-1.01,-1.01
-1.01,76.63476563,2023-05-30 17:53:12+00:00,4095.0,-1.01,895.1638794,-1.01,sensorTwo,28.69000053,1033.088623
-1.01,-1.01,2023-05-25 21:39:55+00:00,3970.0,-1.01,-1.01,0.0,sensorFour,-1.01,-1.01
1324.219971,-1.01,2023-06-05 19:44:34+00:00,1280.0,-1.01,-1.01,-1.01,sensorThree,-1.01,-1.01
-1.01,58.21484375,2023-05-22 04:52:57+00:00,2651.0,-1.01,879.4019775,-1.01,sensorOne,25.80999947,1179.212158
-1.01,-1.01,2023-05-30 14:07:18+00:00,0.0,-1.01,-1.01,0.0,sensorFour,-1.01,-1.01
-1.01,-1.01,2023-05-22 22:07:47+00:00,0.0,-1.01,-1.01,0.0,sensorFour,-1.01,-1.01
90.86579132,-1.01,2023-05-23 23:20:43+00:00,1089.0,-1.01,-1.01,-1.01,sensorThree,-1.01,-1.01
-1.01,-1.01,2023-05-22 19:09:36+00:00,0.0,-1.01,-1.01,0.0,sensorFour,-1.01,-1.01
-1.01,86.79003906,2023-05-24 05:40:22+00:00,1207.0,-1.01,896.3106079,-1.01,sensorTwo,20.07999992,1022.539368
0.163200006,-1.01,2023-05-24 07:17:59+00:00,1139.0,-1.01,-1.01,-1.01,sensorThree,-1.01,-1.01
0.489600003,-1.01,2023-06-07 00:34:00+00:00,1264.0,-1.01,-1.01,-1.01,sensorThree,-1.01,-1.01
0.0,-1.01,2023-05-24 16:16:19+00:00,1167.0,-1.01,-1.01,-1.01,sensorThree,-1.01,-1.01
-1.01,60.2421875,2023-05-22 11:59:37+00:00,2699.0,-1.01,878.5628662,-1.01,sensorTwo,24.85000038,1187.050537
-1.01,75.8671875,2023-05-23 16:37:38+00:00,1055.0,-1.01,897.007019,-1.01,sensorOne,27.35000038,1016.138062
-1.01,58.95117188,2023-05-22 22:52:50+00:00,343.0,-1.01,895.3814087,-1.01,sensorTwo,25.18000031,1031.086426
-1.01,-1.01,2023-05-22 08:13:49+00:00,0.0,-1.01,-1.01,0.0,sensorFour,-1.01,-1.01
-1.01,-1.01,2023-06-06 03:53:16+00:00,4095.0,-1.01,-1.01,0.0,sensorFour,-1.01,-1.01
0.163200006,-1.01,2023-06-06 04:40:39+00:00,1242.0,-1.01,-1.01,-1.01,sensorThree,-1.01,-1.01
-1.01,-1.01,2023-06-07 01:46:33+00:00,4095.0,-1.01,-1.01,0.0,sensorFour,-1.01,-1.01
-1.01,81.68945313,2023-05-25 08:30:02+00:00,1520.0,-1.01,893.8834229,-1.01,sensorTwo,18.14999962,1044.88147
-1.01,-1.01,2023-05-24 08:53:11+00:00,3942.0,-1.01,-1.01,16.0,sensorFour,-1.01,-1.01
-1.01,81.18164063,2023-05-23 05:49:32+00:00,1168.0,-1.01,897.154541,-1.01,sensorTwo,18.25,1014.782349
-1.01,56.44335938,2023-06-06 16:21:51+00:00,0.0,-1.01,897.425293,-1.01,sensorOne,44.02999878,1012.295044
-1.01,-1.01,2023-05-23 23:56:32+00:00,4095.0,-1.01,-1.01,96.0,sensorFour,-1.01,-1.01
-1.01,88.734375,2023-05-24 22:26:19+00:00,1098.0,-1.01,893.5592041,-1.01,sensorOne,23.29999924,1047.869385
-1.01,-1.01,2023-05-23 04:03:20+00:00,3018.0,-1.01,-1.01,0.0,sensorFour,-1.01,-1.01
0.0,-1.01,2023-05-26 04:03:28+00:00,1152.0,-1.01,-1.01,-1.01,sensorThree,-1.01,-1.01
0.326400012,-1.01,2023-05-26 05:03:07+00:00,1125.0,-1.01,-1.01,-1.01,sensorThree,-1.01,-1.01
158.5458832,-1.01,2023-05-23 13:24:59+00:00,1107.0,-1.01,-1.01,-1.01,sensorThree,-1.01,-1.01
-1.01,-1.01,2023-06-06 17:50:31+00:00,4095.0,-1.01,-1.01,0.0,sensorFour,-1.01,-1.01
-1.01,86.02050781,2023-05-24 00:34:04+00:00,1009.0,-1.01,896.1400146,-1.01,sensorOne,20.70999908,1024.108276
-1.01,90.984375,2023-05-25 12:21:15+00:00,1072.0,-1.01,894.897644,-1.01,sensorOne,18.67000008,1035.539795
504.3613281,-1.01,2023-05-24 20:14:25+00:00,1135.0,-1.01,-1.01,-1.01,sensorThree,-1.01,-1.01
0.326400012,-1.01,2023-06-07 02:33:19+00:00,1264.0,-1.01,-1.01,-1.01,sensorThree,-1.01,-1.01
-1.01,81.76757813,2023-05-23 01:42:25+00:00,1021.0,-1.01,897.3809204,-1.01,sensorOne,20.36000061,1012.70282
-1.01,-1.01,2023-05-26 10:34:42+00:00,2704.0,-1.01,-1.01,0.0,sensorFour,-1.01,-1.01
-1.01,-1.01,2023-05-22 10:13:03+00:00,0.0,-1.01,-1.01,0.0,sensorFour,-1.01,-1.01
-1.01,90.86816406,2023-05-25 03:24:27+00:00,1137.0,-1.01,896.2340698,-1.01,sensorOne,20.51000023,1023.242981
-1.01,84.91015625,2023-05-24 02:41:30+00:00,1200.0,-1.01,896.7014771,-1.01,sensorTwo,20.68000031,1018.945984
-1.01,91.78027344,2023-05-26 09:14:04+00:00,1429.0,-1.01,895.2056274,-1.01,sensorOne,19.42000008,1032.704468
-1.01,-1.01,2023-06-06 22:47:44+00:00,4095.0,-1.01,-1.01,0.0,sensorFour,-1.01,-1.01
-1.01,-1.01,2023-06-04 17:06:33+00:00,4095.0,-1.01,-1.01,0.0,sensorFour,-1.01,-1.01
132.8145752,-1.01,2023-05-21 22:42:08+00:00,2099.0,-1.01,-1.01,-1.01,sensorThree,-1.01,-1.01
0.163200006,-1.01,2023-05-22 06:38:30+00:00,2814.0,-1.01,-1.01,-1.01,sensorThree,-1.01,-1.01
0.163200006,-1.01,2023-05-22 09:37:29+00:00,2800.0,-1.01,-1.01,-1.01,sensorThree,-1.01,-1.01
-1.01,-1.01,2023-05-26 05:36:40+00:00,2902.0,-1.01,-1.01,0.0,sensorFour,-1.01,-1.01
-1.01,-1.01,2023-05-25 22:39:40+00:00,3787.0,-1.01,-1.01,0.0,sensorFour,-1.01,-1.01
-1.01,56.82617188,2023-05-22 20:46:18+00:00,2663.0,-1.01,932.1617432,-1.01,sensorOne,26.27000046,698.1075439
0.081600003,-1.01,2023-05-25 08:09:40+00:00,1126.0,-1.01,-1.01,-1.01,sensorThree,-1.01,-1.01
0.163200006,-1.01,2023-05-24 08:17:41+00:00,1141.0,-1.01,-1.01,-1.01,sensorThree,-1.01,-1.01
0.326400012,-1.01,2023-05-22 12:36:27+00:00,2805.0,-1.01,-1.01,-1.01,sensorThree,-1.01,-1.01
0.163200006,-1.01,2023-05-26 06:02:48+00:00,1129.0,-1.01,-1.01,-1.01,sensorThree,-1.01,-1.01
-1.01,72.32324219,2023-06-05 21:12:44+00:00,4095.0,-1.01,894.5921631,-1.01,sensorTwo,31.28000069,1038.352539
0.0,-1.01,2023-05-24 02:19:39+00:00,1126.0,-1.01,-1.01,-1.01,sensorThree,-1.01,-1.01
-1.01,-1.01,2023-05-25 01:46:46+00:00,3897.0,-1.01,-1.01,0.0,sensorFour,-1.01,-1.01
-1.01,75.39746094,2023-05-23 15:38:09+00:00,1070.0,-1.01,897.1035767,-1.01,sensorOne,28.78000069,1015.250671
147.7601624,-1.01,2023-05-25 13:08:19+00:00,1115.0,-1.01,-1.01,-1.01,sensorThree,-1.01,-1.01
-1.01,-1.01,2023-05-24 18:50:18+00:00,4095.0,-1.01,-1.01,0.0,sensorFour,-1.01,-1.01
-1.01,89.56835938,2023-05-24 08:31:19+00:00,1009.0,-1.01,895.3220825,-1.01,sensorOne,19.98999977,1031.632813
-1.01,57.88769531,2023-05-22 02:53:59+00:00,2663.0,-1.01,879.6268921,-1.01,sensorOne,25.95999908,1177.112183
-1.01,-1.01,2023-05-22 01:17:09+00:00,0.0,-1.01,-1.01,0.0,sensorFour,-1.01,-1.01
-1.01,90.79101563,2023-05-25 02:24:47+00:00,1066.0,-1.01,895.8573608,-1.01,sensorOne,20.82999992,1026.707886
-1.01,49.57617188,2023-05-23 15:47:25+00:00,4095.0,-1.01,896.7520142,-1.01,sensorTwo,45.34000015,1018.481384
-1.01,53.80664063,2023-05-24 18:36:38+00:00,1360.0,-1.01,894.3204956,-1.01,sensorTwo,38.56999969,1040.854614
-1.01,89.43261719,2023-05-24 13:29:36+00:00,1017.0,-1.01,896.1472168,-1.01,sensorOne,19.88999939,1024.041626
0.0,-1.01,2023-05-25 16:08:32+00:00,1168.0,-1.01,-1.01,-1.01,sensorThree,-1.01,-1.01
-1.01,-1.01,2023-06-05 19:57:54+00:00,4095.0,-1.01,-1.01,0.0,sensorFour,-1.01,-1.01
427.5779419,-1.01,2023-05-24 23:12:58+00:00,1166.0,-1.01,-1.01,-1.01,sensorThree,-1.01,-1.01
-1.01,59.15332031,2023-05-22 19:47:17+00:00,2606.0,-1.01,879.2385254,-1.01,sensorOne,28.43000031,1180.73877
0.0,-1.01,2023-05-24 18:15:56+00:00,1200.0,-1.01,-1.01,-1.01,sensorThree,-1.01,-1.01
-1.01,55.31738281,2023-05-21 22:55:51+00:00,1977.0,-1.01,877.6073608,-1.01,sensorOne,25.40999985,1195.983643
32.13637543,-1.01,2023-05-22 23:29:34+00:00,1174.0,-1.01,-1.01,-1.01,sensorThree,-1.01,-1.01
